{
  "project_info": {
    "project_number": "2536743036",
    "firebase_url": "https://dimanp-72555-default-rtdb.firebaseio.com",
    "project_id": "dimanp-72555",
    "storage_bucket": "dimanp-72555.firebasestorage.app"
  },
  "client": [
    {
      "client_info": {
        "mobilesdk_app_id": "1:2536743036:android:715989de429870d45629f9",
        "android_client_info": {
          "package_name": "com.example.myapplicationelm327_v1"
        }
      },
      "oauth_client": [
        {
          "client_id": "2536743036-xxxxxxxxxxxxxxxxxxxxxxxxxxxxxxxx.apps.googleusercontent.com",
          "client_type": 3
        }
      ],
      "api_key": [
        {
          "current_key": "AIzaSyCBQM8SKuLROzmM3hG-MiD1acaRa9NuvGQ"
        }
      ],
      "services": {
        "appinvite_service": {
          "other_platform_oauth_client": [
            {
              "client_id": "2536743036-xxxxxxxxxxxxxxxxxxxxxxxxxxxxxxxx.apps.googleusercontent.com",
              "client_type": 3
            }
          ]
        },
        "analytics_service": {
          "status": 1
        },
        "cloud_messaging_service": {
          "status": 1,
          "apns_config": []
        },
        "ads_service": {
          "status": 2
        },
        "identitytoolkit": {
          "status": 1
        }
      }
    }
  ],
  "configuration_version": "1"
}